tipo,elemento,x1,y1,x2,y2,ancho_px,alto_px,valor_x,valor_y,texto,descripcion
resumen,grafica,,,,,485,296,,,,"Gráfica de 485x296 px con sin título detectado, eje X detectado, eje Y detectado, curva detectada (278 puntos)."
eje,eje_x,2,290,480,290,,,,,,"Eje X (horizontal), de (2,290) a (480,290)."
eje,eje_y,2,287,2,3,,,,,,"Eje Y (vertical), de (2,287) a (2,3)."
texto,titulo,,,,,,,,,,No se detectó título.
texto,titulo_eje_y,,,,,,,,,,No se detectó título vertical del eje Y.
texto,titulo_eje_x,,,,,,,,,,No se detectó título del eje X.
curva,punto,85,181.0,,,,,,,,"Punto de la curva en píxel (85, 181.0); sin calibración suficiente para valor real."
curva,punto,86,181.0,,,,,,,,"Punto de la curva en píxel (86, 181.0); sin calibración suficiente para valor real."
curva,punto,87,181.0,,,,,,,,"Punto de la curva en píxel (87, 181.0); sin calibración suficiente para valor real."
curva,punto,88,180.5,,,,,,,,"Punto de la curva en píxel (88, 180.5); sin calibración suficiente para valor real."
curva,punto,89,179.5,,,,,,,,"Punto de la curva en píxel (89, 179.5); sin calibración suficiente para valor real."
curva,punto,90,179.0,,,,,,,,"Punto de la curva en píxel (90, 179.0); sin calibración suficiente para valor real."
curva,punto,91,178.5,,,,,,,,"Punto de la curva en píxel (91, 178.5); sin calibración suficiente para valor real."
curva,punto,92,177.5,,,,,,,,"Punto de la curva en píxel (92, 177.5); sin calibración suficiente para valor real."
curva,punto,93,177.5,,,,,,,,"Punto de la curva en píxel (93, 177.5); sin calibración suficiente para valor real."
curva,punto,94,177.0,,,,,,,,"Punto de la curva en píxel (94, 177.0); sin calibración suficiente para valor real."
curva,punto,95,177.0,,,,,,,,"Punto de la curva en píxel (95, 177.0); sin calibración suficiente para valor real."
curva,punto,96,175.5,,,,,,,,"Punto de la curva en píxel (96, 175.5); sin calibración suficiente para valor real."
curva,punto,97,175.0,,,,,,,,"Punto de la curva en píxel (97, 175.0); sin calibración suficiente para valor real."
curva,punto,98,174.5,,,,,,,,"Punto de la curva en píxel (98, 174.5); sin calibración suficiente para valor real."
curva,punto,99,174.0,,,,,,,,"Punto de la curva en píxel (99, 174.0); sin calibración suficiente para valor real."
curva,punto,100,173.5,,,,,,,,"Punto de la curva en píxel (100, 173.5); sin calibración suficiente para valor real."
curva,punto,101,173.0,,,,,,,,"Punto de la curva en píxel (101, 173.0); sin calibración suficiente para valor real."
curva,punto,102,172.5,,,,,,,,"Punto de la curva en píxel (102, 172.5); sin calibración suficiente para valor real."
curva,punto,103,171.5,,,,,,,,"Punto de la curva en píxel (103, 171.5); sin calibración suficiente para valor real."
curva,punto,104,171.5,,,,,,,,"Punto de la curva en píxel (104, 171.5); sin calibración suficiente para valor real."
curva,punto,105,170.5,,,,,,,,"Punto de la curva en píxel (105, 170.5); sin calibración suficiente para valor real."
curva,punto,106,170.0,,,,,,,,"Punto de la curva en píxel (106, 170.0); sin calibración suficiente para valor real."
curva,punto,107,169.5,,,,,,,,"Punto de la curva en píxel (107, 169.5); sin calibración suficiente para valor real."
curva,punto,108,169.0,,,,,,,,"Punto de la curva en píxel (108, 169.0); sin calibración suficiente para valor real."
curva,punto,109,168.5,,,,,,,,"Punto de la curva en píxel (109, 168.5); sin calibración suficiente para valor real."
curva,punto,110,167.5,,,,,,,,"Punto de la curva en píxel (110, 167.5); sin calibración suficiente para valor real."
curva,punto,111,167.5,,,,,,,,"Punto de la curva en píxel (111, 167.5); sin calibración suficiente para valor real."
curva,punto,112,166.5,,,,,,,,"Punto de la curva en píxel (112, 166.5); sin calibración suficiente para valor real."
curva,punto,113,166.5,,,,,,,,"Punto de la curva en píxel (113, 166.5); sin calibración suficiente para valor real."
curva,punto,114,165.5,,,,,,,,"Punto de la curva en píxel (114, 165.5); sin calibración suficiente para valor real."
curva,punto,115,165.0,,,,,,,,"Punto de la curva en píxel (115, 165.0); sin calibración suficiente para valor real."
curva,punto,116,164.5,,,,,,,,"Punto de la curva en píxel (116, 164.5); sin calibración suficiente para valor real."
curva,punto,117,164.0,,,,,,,,"Punto de la curva en píxel (117, 164.0); sin calibración suficiente para valor real."
curva,punto,118,163.5,,,,,,,,"Punto de la curva en píxel (118, 163.5); sin calibración suficiente para valor real."
curva,punto,119,163.0,,,,,,,,"Punto de la curva en píxel (119, 163.0); sin calibración suficiente para valor real."
curva,punto,120,162.5,,,,,,,,"Punto de la curva en píxel (120, 162.5); sin calibración suficiente para valor real."
curva,punto,121,161.5,,,,,,,,"Punto de la curva en píxel (121, 161.5); sin calibración suficiente para valor real."
curva,punto,122,161.5,,,,,,,,"Punto de la curva en píxel (122, 161.5); sin calibración suficiente para valor real."
curva,punto,123,161.0,,,,,,,,"Punto de la curva en píxel (123, 161.0); sin calibración suficiente para valor real."
curva,punto,124,159.5,,,,,,,,"Punto de la curva en píxel (124, 159.5); sin calibración suficiente para valor real."
curva,punto,125,159.5,,,,,,,,"Punto de la curva en píxel (125, 159.5); sin calibración suficiente para valor real."
curva,punto,126,159.0,,,,,,,,"Punto de la curva en píxel (126, 159.0); sin calibración suficiente para valor real."
curva,punto,127,158.5,,,,,,,,"Punto de la curva en píxel (127, 158.5); sin calibración suficiente para valor real."
curva,punto,128,157.5,,,,,,,,"Punto de la curva en píxel (128, 157.5); sin calibración suficiente para valor real."
curva,punto,129,157.5,,,,,,,,"Punto de la curva en píxel (129, 157.5); sin calibración suficiente para valor real."
curva,punto,130,157.0,,,,,,,,"Punto de la curva en píxel (130, 157.0); sin calibración suficiente para valor real."
curva,punto,131,156.5,,,,,,,,"Punto de la curva en píxel (131, 156.5); sin calibración suficiente para valor real."
curva,punto,132,155.5,,,,,,,,"Punto de la curva en píxel (132, 155.5); sin calibración suficiente para valor real."
curva,punto,133,155.0,,,,,,,,"Punto de la curva en píxel (133, 155.0); sin calibración suficiente para valor real."
curva,punto,134,154.5,,,,,,,,"Punto de la curva en píxel (134, 154.5); sin calibración suficiente para valor real."
curva,punto,135,154.0,,,,,,,,"Punto de la curva en píxel (135, 154.0); sin calibración suficiente para valor real."
curva,punto,136,153.5,,,,,,,,"Punto de la curva en píxel (136, 153.5); sin calibración suficiente para valor real."
curva,punto,137,153.0,,,,,,,,"Punto de la curva en píxel (137, 153.0); sin calibración suficiente para valor real."
curva,punto,138,152.5,,,,,,,,"Punto de la curva en píxel (138, 152.5); sin calibración suficiente para valor real."
curva,punto,139,151.5,,,,,,,,"Punto de la curva en píxel (139, 151.5); sin calibración suficiente para valor real."
curva,punto,140,151.0,,,,,,,,"Punto de la curva en píxel (140, 151.0); sin calibración suficiente para valor real."
curva,punto,141,150.5,,,,,,,,"Punto de la curva en píxel (141, 150.5); sin calibración suficiente para valor real."
curva,punto,142,150.0,,,,,,,,"Punto de la curva en píxel (142, 150.0); sin calibración suficiente para valor real."
curva,punto,143,149.5,,,,,,,,"Punto de la curva en píxel (143, 149.5); sin calibración suficiente para valor real."
curva,punto,144,149.0,,,,,,,,"Punto de la curva en píxel (144, 149.0); sin calibración suficiente para valor real."
curva,punto,145,148.5,,,,,,,,"Punto de la curva en píxel (145, 148.5); sin calibración suficiente para valor real."
curva,punto,146,148.0,,,,,,,,"Punto de la curva en píxel (146, 148.0); sin calibración suficiente para valor real."
curva,punto,147,147.5,,,,,,,,"Punto de la curva en píxel (147, 147.5); sin calibración suficiente para valor real."
curva,punto,148,147.0,,,,,,,,"Punto de la curva en píxel (148, 147.0); sin calibración suficiente para valor real."
curva,punto,149,146.5,,,,,,,,"Punto de la curva en píxel (149, 146.5); sin calibración suficiente para valor real."
curva,punto,150,145.5,,,,,,,,"Punto de la curva en píxel (150, 145.5); sin calibración suficiente para valor real."
curva,punto,151,145.0,,,,,,,,"Punto de la curva en píxel (151, 145.0); sin calibración suficiente para valor real."
curva,punto,152,144.5,,,,,,,,"Punto de la curva en píxel (152, 144.5); sin calibración suficiente para valor real."
curva,punto,153,144.0,,,,,,,,"Punto de la curva en píxel (153, 144.0); sin calibración suficiente para valor real."
curva,punto,154,143.5,,,,,,,,"Punto de la curva en píxel (154, 143.5); sin calibración suficiente para valor real."
curva,punto,155,143.0,,,,,,,,"Punto de la curva en píxel (155, 143.0); sin calibración suficiente para valor real."
curva,punto,156,142.0,,,,,,,,"Punto de la curva en píxel (156, 142.0); sin calibración suficiente para valor real."
curva,punto,157,141.5,,,,,,,,"Punto de la curva en píxel (157, 141.5); sin calibración suficiente para valor real."
curva,punto,158,141.5,,,,,,,,"Punto de la curva en píxel (158, 141.5); sin calibración suficiente para valor real."
curva,punto,159,140.5,,,,,,,,"Punto de la curva en píxel (159, 140.5); sin calibración suficiente para valor real."
curva,punto,160,139.5,,,,,,,,"Punto de la curva en píxel (160, 139.5); sin calibración suficiente para valor real."
curva,punto,161,139.5,,,,,,,,"Punto de la curva en píxel (161, 139.5); sin calibración suficiente para valor real."
curva,punto,162,139.0,,,,,,,,"Punto de la curva en píxel (162, 139.0); sin calibración suficiente para valor real."
curva,punto,163,138.5,,,,,,,,"Punto de la curva en píxel (163, 138.5); sin calibración suficiente para valor real."
curva,punto,164,138.0,,,,,,,,"Punto de la curva en píxel (164, 138.0); sin calibración suficiente para valor real."
curva,punto,165,137.5,,,,,,,,"Punto de la curva en píxel (165, 137.5); sin calibración suficiente para valor real."
curva,punto,166,137.0,,,,,,,,"Punto de la curva en píxel (166, 137.0); sin calibración suficiente para valor real."
curva,punto,167,136.5,,,,,,,,"Punto de la curva en píxel (167, 136.5); sin calibración suficiente para valor real."
curva,punto,168,135.5,,,,,,,,"Punto de la curva en píxel (168, 135.5); sin calibración suficiente para valor real."
curva,punto,169,135.0,,,,,,,,"Punto de la curva en píxel (169, 135.0); sin calibración suficiente para valor real."
curva,punto,170,134.5,,,,,,,,"Punto de la curva en píxel (170, 134.5); sin calibración suficiente para valor real."
curva,punto,171,134.0,,,,,,,,"Punto de la curva en píxel (171, 134.0); sin calibración suficiente para valor real."
curva,punto,172,133.5,,,,,,,,"Punto de la curva en píxel (172, 133.5); sin calibración suficiente para valor real."
curva,punto,173,133.0,,,,,,,,"Punto de la curva en píxel (173, 133.0); sin calibración suficiente para valor real."
curva,punto,174,132.5,,,,,,,,"Punto de la curva en píxel (174, 132.5); sin calibración suficiente para valor real."
curva,punto,175,132.0,,,,,,,,"Punto de la curva en píxel (175, 132.0); sin calibración suficiente para valor real."
curva,punto,176,131.0,,,,,,,,"Punto de la curva en píxel (176, 131.0); sin calibración suficiente para valor real."
curva,punto,177,130.5,,,,,,,,"Punto de la curva en píxel (177, 130.5); sin calibración suficiente para valor real."
curva,punto,178,130.5,,,,,,,,"Punto de la curva en píxel (178, 130.5); sin calibración suficiente para valor real."
curva,punto,179,129.5,,,,,,,,"Punto de la curva en píxel (179, 129.5); sin calibración suficiente para valor real."
curva,punto,180,129.0,,,,,,,,"Punto de la curva en píxel (180, 129.0); sin calibración suficiente para valor real."
curva,punto,181,129.0,,,,,,,,"Punto de la curva en píxel (181, 129.0); sin calibración suficiente para valor real."
curva,punto,182,128.0,,,,,,,,"Punto de la curva en píxel (182, 128.0); sin calibración suficiente para valor real."
curva,punto,183,127.5,,,,,,,,"Punto de la curva en píxel (183, 127.5); sin calibración suficiente para valor real."
curva,punto,184,127.0,,,,,,,,"Punto de la curva en píxel (184, 127.0); sin calibración suficiente para valor real."
curva,punto,185,126.0,,,,,,,,"Punto de la curva en píxel (185, 126.0); sin calibración suficiente para valor real."
curva,punto,186,126.0,,,,,,,,"Punto de la curva en píxel (186, 126.0); sin calibración suficiente para valor real."
curva,punto,187,125.5,,,,,,,,"Punto de la curva en píxel (187, 125.5); sin calibración suficiente para valor real."
curva,punto,188,125.0,,,,,,,,"Punto de la curva en píxel (188, 125.0); sin calibración suficiente para valor real."
curva,punto,189,124.0,,,,,,,,"Punto de la curva en píxel (189, 124.0); sin calibración suficiente para valor real."
curva,punto,190,123.5,,,,,,,,"Punto de la curva en píxel (190, 123.5); sin calibración suficiente para valor real."
curva,punto,191,123.0,,,,,,,,"Punto de la curva en píxel (191, 123.0); sin calibración suficiente para valor real."
curva,punto,192,122.5,,,,,,,,"Punto de la curva en píxel (192, 122.5); sin calibración suficiente para valor real."
curva,punto,193,122.0,,,,,,,,"Punto de la curva en píxel (193, 122.0); sin calibración suficiente para valor real."
curva,punto,194,121.5,,,,,,,,"Punto de la curva en píxel (194, 121.5); sin calibración suficiente para valor real."
curva,punto,195,121.0,,,,,,,,"Punto de la curva en píxel (195, 121.0); sin calibración suficiente para valor real."
curva,punto,196,120.5,,,,,,,,"Punto de la curva en píxel (196, 120.5); sin calibración suficiente para valor real."
curva,punto,197,119.5,,,,,,,,"Punto de la curva en píxel (197, 119.5); sin calibración suficiente para valor real."
curva,punto,198,119.5,,,,,,,,"Punto de la curva en píxel (198, 119.5); sin calibración suficiente para valor real."
curva,punto,199,118.5,,,,,,,,"Punto de la curva en píxel (199, 118.5); sin calibración suficiente para valor real."
curva,punto,200,118.0,,,,,,,,"Punto de la curva en píxel (200, 118.0); sin calibración suficiente para valor real."
curva,punto,201,117.5,,,,,,,,"Punto de la curva en píxel (201, 117.5); sin calibración suficiente para valor real."
curva,punto,202,117.0,,,,,,,,"Punto de la curva en píxel (202, 117.0); sin calibración suficiente para valor real."
curva,punto,203,116.5,,,,,,,,"Punto de la curva en píxel (203, 116.5); sin calibración suficiente para valor real."
curva,punto,204,116.0,,,,,,,,"Punto de la curva en píxel (204, 116.0); sin calibración suficiente para valor real."
curva,punto,205,115.5,,,,,,,,"Punto de la curva en píxel (205, 115.5); sin calibración suficiente para valor real."
curva,punto,206,115.0,,,,,,,,"Punto de la curva en píxel (206, 115.0); sin calibración suficiente para valor real."
curva,punto,207,114.5,,,,,,,,"Punto de la curva en píxel (207, 114.5); sin calibración suficiente para valor real."
curva,punto,208,113.5,,,,,,,,"Punto de la curva en píxel (208, 113.5); sin calibración suficiente para valor real."
curva,punto,209,113.5,,,,,,,,"Punto de la curva en píxel (209, 113.5); sin calibración suficiente para valor real."
curva,punto,210,113.0,,,,,,,,"Punto de la curva en píxel (210, 113.0); sin calibración suficiente para valor real."
curva,punto,211,112.0,,,,,,,,"Punto de la curva en píxel (211, 112.0); sin calibración suficiente para valor real."
curva,punto,212,111.5,,,,,,,,"Punto de la curva en píxel (212, 111.5); sin calibración suficiente para valor real."
curva,punto,213,111.5,,,,,,,,"Punto de la curva en píxel (213, 111.5); sin calibración suficiente para valor real."
curva,punto,214,110.5,,,,,,,,"Punto de la curva en píxel (214, 110.5); sin calibración suficiente para valor real."
curva,punto,215,110.0,,,,,,,,"Punto de la curva en píxel (215, 110.0); sin calibración suficiente para valor real."
curva,punto,216,109.5,,,,,,,,"Punto de la curva en píxel (216, 109.5); sin calibración suficiente para valor real."
curva,punto,217,109.0,,,,,,,,"Punto de la curva en píxel (217, 109.0); sin calibración suficiente para valor real."
curva,punto,218,108.5,,,,,,,,"Punto de la curva en píxel (218, 108.5); sin calibración suficiente para valor real."
curva,punto,219,108.0,,,,,,,,"Punto de la curva en píxel (219, 108.0); sin calibración suficiente para valor real."
curva,punto,220,107.5,,,,,,,,"Punto de la curva en píxel (220, 107.5); sin calibración suficiente para valor real."
curva,punto,221,106.5,,,,,,,,"Punto de la curva en píxel (221, 106.5); sin calibración suficiente para valor real."
curva,punto,222,106.5,,,,,,,,"Punto de la curva en píxel (222, 106.5); sin calibración suficiente para valor real."
curva,punto,223,106.0,,,,,,,,"Punto de la curva en píxel (223, 106.0); sin calibración suficiente para valor real."
curva,punto,224,105.0,,,,,,,,"Punto de la curva en píxel (224, 105.0); sin calibración suficiente para valor real."
curva,punto,225,104.5,,,,,,,,"Punto de la curva en píxel (225, 104.5); sin calibración suficiente para valor real."
curva,punto,226,104.5,,,,,,,,"Punto de la curva en píxel (226, 104.5); sin calibración suficiente para valor real."
curva,punto,227,103.5,,,,,,,,"Punto de la curva en píxel (227, 103.5); sin calibración suficiente para valor real."
curva,punto,228,103.0,,,,,,,,"Punto de la curva en píxel (228, 103.0); sin calibración suficiente para valor real."
curva,punto,229,102.5,,,,,,,,"Punto de la curva en píxel (229, 102.5); sin calibración suficiente para valor real."
curva,punto,230,102.0,,,,,,,,"Punto de la curva en píxel (230, 102.0); sin calibración suficiente para valor real."
curva,punto,231,101.5,,,,,,,,"Punto de la curva en píxel (231, 101.5); sin calibración suficiente para valor real."
curva,punto,232,101.0,,,,,,,,"Punto de la curva en píxel (232, 101.0); sin calibración suficiente para valor real."
curva,punto,233,100.5,,,,,,,,"Punto de la curva en píxel (233, 100.5); sin calibración suficiente para valor real."
curva,punto,234,99.5,,,,,,,,"Punto de la curva en píxel (234, 99.5); sin calibración suficiente para valor real."
curva,punto,235,99.5,,,,,,,,"Punto de la curva en píxel (235, 99.5); sin calibración suficiente para valor real."
curva,punto,236,98.5,,,,,,,,"Punto de la curva en píxel (236, 98.5); sin calibración suficiente para valor real."
curva,punto,237,98.0,,,,,,,,"Punto de la curva en píxel (237, 98.0); sin calibración suficiente para valor real."
curva,punto,238,97.5,,,,,,,,"Punto de la curva en píxel (238, 97.5); sin calibración suficiente para valor real."
curva,punto,239,97.0,,,,,,,,"Punto de la curva en píxel (239, 97.0); sin calibración suficiente para valor real."
curva,punto,240,96.5,,,,,,,,"Punto de la curva en píxel (240, 96.5); sin calibración suficiente para valor real."
curva,punto,241,96.5,,,,,,,,"Punto de la curva en píxel (241, 96.5); sin calibración suficiente para valor real."
curva,punto,242,95.5,,,,,,,,"Punto de la curva en píxel (242, 95.5); sin calibración suficiente para valor real."
curva,punto,243,95.0,,,,,,,,"Punto de la curva en píxel (243, 95.0); sin calibración suficiente para valor real."
curva,punto,244,94.0,,,,,,,,"Punto de la curva en píxel (244, 94.0); sin calibración suficiente para valor real."
curva,punto,245,93.5,,,,,,,,"Punto de la curva en píxel (245, 93.5); sin calibración suficiente para valor real."
curva,punto,246,93.5,,,,,,,,"Punto de la curva en píxel (246, 93.5); sin calibración suficiente para valor real."
curva,punto,247,92.5,,,,,,,,"Punto de la curva en píxel (247, 92.5); sin calibración suficiente para valor real."
curva,punto,248,92.0,,,,,,,,"Punto de la curva en píxel (248, 92.0); sin calibración suficiente para valor real."
curva,punto,249,91.5,,,,,,,,"Punto de la curva en píxel (249, 91.5); sin calibración suficiente para valor real."
curva,punto,250,91.0,,,,,,,,"Punto de la curva en píxel (250, 91.0); sin calibración suficiente para valor real."
curva,punto,251,90.5,,,,,,,,"Punto de la curva en píxel (251, 90.5); sin calibración suficiente para valor real."
curva,punto,252,90.0,,,,,,,,"Punto de la curva en píxel (252, 90.0); sin calibración suficiente para valor real."
curva,punto,253,89.5,,,,,,,,"Punto de la curva en píxel (253, 89.5); sin calibración suficiente para valor real."
curva,punto,254,89.0,,,,,,,,"Punto de la curva en píxel (254, 89.0); sin calibración suficiente para valor real."
curva,punto,255,88.5,,,,,,,,"Punto de la curva en píxel (255, 88.5); sin calibración suficiente para valor real."
curva,punto,256,87.5,,,,,,,,"Punto de la curva en píxel (256, 87.5); sin calibración suficiente para valor real."
curva,punto,257,87.5,,,,,,,,"Punto de la curva en píxel (257, 87.5); sin calibración suficiente para valor real."
curva,punto,258,86.5,,,,,,,,"Punto de la curva en píxel (258, 86.5); sin calibración suficiente para valor real."
curva,punto,259,86.0,,,,,,,,"Punto de la curva en píxel (259, 86.0); sin calibración suficiente para valor real."
curva,punto,260,85.5,,,,,,,,"Punto de la curva en píxel (260, 85.5); sin calibración suficiente para valor real."
curva,punto,261,85.0,,,,,,,,"Punto de la curva en píxel (261, 85.0); sin calibración suficiente para valor real."
curva,punto,262,84.5,,,,,,,,"Punto de la curva en píxel (262, 84.5); sin calibración suficiente para valor real."
curva,punto,263,84.0,,,,,,,,"Punto de la curva en píxel (263, 84.0); sin calibración suficiente para valor real."
curva,punto,264,83.5,,,,,,,,"Punto de la curva en píxel (264, 83.5); sin calibración suficiente para valor real."
curva,punto,265,83.0,,,,,,,,"Punto de la curva en píxel (265, 83.0); sin calibración suficiente para valor real."
curva,punto,266,82.5,,,,,,,,"Punto de la curva en píxel (266, 82.5); sin calibración suficiente para valor real."
curva,punto,267,82.0,,,,,,,,"Punto de la curva en píxel (267, 82.0); sin calibración suficiente para valor real."
curva,punto,268,81.5,,,,,,,,"Punto de la curva en píxel (268, 81.5); sin calibración suficiente para valor real."
curva,punto,269,81.0,,,,,,,,"Punto de la curva en píxel (269, 81.0); sin calibración suficiente para valor real."
curva,punto,270,80.0,,,,,,,,"Punto de la curva en píxel (270, 80.0); sin calibración suficiente para valor real."
curva,punto,271,80.0,,,,,,,,"Punto de la curva en píxel (271, 80.0); sin calibración suficiente para valor real."
curva,punto,272,79.0,,,,,,,,"Punto de la curva en píxel (272, 79.0); sin calibración suficiente para valor real."
curva,punto,273,78.5,,,,,,,,"Punto de la curva en píxel (273, 78.5); sin calibración suficiente para valor real."
curva,punto,274,78.0,,,,,,,,"Punto de la curva en píxel (274, 78.0); sin calibración suficiente para valor real."
curva,punto,275,78.0,,,,,,,,"Punto de la curva en píxel (275, 78.0); sin calibración suficiente para valor real."
curva,punto,276,77.5,,,,,,,,"Punto de la curva en píxel (276, 77.5); sin calibración suficiente para valor real."
curva,punto,277,77.0,,,,,,,,"Punto de la curva en píxel (277, 77.0); sin calibración suficiente para valor real."
curva,punto,278,76.5,,,,,,,,"Punto de la curva en píxel (278, 76.5); sin calibración suficiente para valor real."
curva,punto,279,76.0,,,,,,,,"Punto de la curva en píxel (279, 76.0); sin calibración suficiente para valor real."
curva,punto,280,75.5,,,,,,,,"Punto de la curva en píxel (280, 75.5); sin calibración suficiente para valor real."
curva,punto,281,75.5,,,,,,,,"Punto de la curva en píxel (281, 75.5); sin calibración suficiente para valor real."
curva,punto,282,75.5,,,,,,,,"Punto de la curva en píxel (282, 75.5); sin calibración suficiente para valor real."
curva,punto,283,74.5,,,,,,,,"Punto de la curva en píxel (283, 74.5); sin calibración suficiente para valor real."
curva,punto,284,74.0,,,,,,,,"Punto de la curva en píxel (284, 74.0); sin calibración suficiente para valor real."
curva,punto,285,73.5,,,,,,,,"Punto de la curva en píxel (285, 73.5); sin calibración suficiente para valor real."
curva,punto,286,73.0,,,,,,,,"Punto de la curva en píxel (286, 73.0); sin calibración suficiente para valor real."
curva,punto,287,73.0,,,,,,,,"Punto de la curva en píxel (287, 73.0); sin calibración suficiente para valor real."
curva,punto,288,72.0,,,,,,,,"Punto de la curva en píxel (288, 72.0); sin calibración suficiente para valor real."
curva,punto,289,71.5,,,,,,,,"Punto de la curva en píxel (289, 71.5); sin calibración suficiente para valor real."
curva,punto,290,71.0,,,,,,,,"Punto de la curva en píxel (290, 71.0); sin calibración suficiente para valor real."
curva,punto,291,71.0,,,,,,,,"Punto de la curva en píxel (291, 71.0); sin calibración suficiente para valor real."
curva,punto,292,70.5,,,,,,,,"Punto de la curva en píxel (292, 70.5); sin calibración suficiente para valor real."
curva,punto,293,70.0,,,,,,,,"Punto de la curva en píxel (293, 70.0); sin calibración suficiente para valor real."
curva,punto,294,69.5,,,,,,,,"Punto de la curva en píxel (294, 69.5); sin calibración suficiente para valor real."
curva,punto,295,69.0,,,,,,,,"Punto de la curva en píxel (295, 69.0); sin calibración suficiente para valor real."
curva,punto,296,68.5,,,,,,,,"Punto de la curva en píxel (296, 68.5); sin calibración suficiente para valor real."
curva,punto,297,68.0,,,,,,,,"Punto de la curva en píxel (297, 68.0); sin calibración suficiente para valor real."
curva,punto,298,67.5,,,,,,,,"Punto de la curva en píxel (298, 67.5); sin calibración suficiente para valor real."
curva,punto,299,67.0,,,,,,,,"Punto de la curva en píxel (299, 67.0); sin calibración suficiente para valor real."
curva,punto,300,66.5,,,,,,,,"Punto de la curva en píxel (300, 66.5); sin calibración suficiente para valor real."
curva,punto,301,66.0,,,,,,,,"Punto de la curva en píxel (301, 66.0); sin calibración suficiente para valor real."
curva,punto,302,65.5,,,,,,,,"Punto de la curva en píxel (302, 65.5); sin calibración suficiente para valor real."
curva,punto,303,65.5,,,,,,,,"Punto de la curva en píxel (303, 65.5); sin calibración suficiente para valor real."
curva,punto,304,65.0,,,,,,,,"Punto de la curva en píxel (304, 65.0); sin calibración suficiente para valor real."
curva,punto,305,64.5,,,,,,,,"Punto de la curva en píxel (305, 64.5); sin calibración suficiente para valor real."
curva,punto,306,64.0,,,,,,,,"Punto de la curva en píxel (306, 64.0); sin calibración suficiente para valor real."
curva,punto,307,63.5,,,,,,,,"Punto de la curva en píxel (307, 63.5); sin calibración suficiente para valor real."
curva,punto,308,63.0,,,,,,,,"Punto de la curva en píxel (308, 63.0); sin calibración suficiente para valor real."
curva,punto,309,62.5,,,,,,,,"Punto de la curva en píxel (309, 62.5); sin calibración suficiente para valor real."
curva,punto,310,62.0,,,,,,,,"Punto de la curva en píxel (310, 62.0); sin calibración suficiente para valor real."
curva,punto,311,61.5,,,,,,,,"Punto de la curva en píxel (311, 61.5); sin calibración suficiente para valor real."
curva,punto,312,61.5,,,,,,,,"Punto de la curva en píxel (312, 61.5); sin calibración suficiente para valor real."
curva,punto,313,61.0,,,,,,,,"Punto de la curva en píxel (313, 61.0); sin calibración suficiente para valor real."
curva,punto,314,60.5,,,,,,,,"Punto de la curva en píxel (314, 60.5); sin calibración suficiente para valor real."
curva,punto,315,60.0,,,,,,,,"Punto de la curva en píxel (315, 60.0); sin calibración suficiente para valor real."
curva,punto,316,59.5,,,,,,,,"Punto de la curva en píxel (316, 59.5); sin calibración suficiente para valor real."
curva,punto,317,58.5,,,,,,,,"Punto de la curva en píxel (317, 58.5); sin calibración suficiente para valor real."
curva,punto,318,58.5,,,,,,,,"Punto de la curva en píxel (318, 58.5); sin calibración suficiente para valor real."
curva,punto,319,58.0,,,,,,,,"Punto de la curva en píxel (319, 58.0); sin calibración suficiente para valor real."
curva,punto,320,57.5,,,,,,,,"Punto de la curva en píxel (320, 57.5); sin calibración suficiente para valor real."
curva,punto,321,57.5,,,,,,,,"Punto de la curva en píxel (321, 57.5); sin calibración suficiente para valor real."
curva,punto,322,57.0,,,,,,,,"Punto de la curva en píxel (322, 57.0); sin calibración suficiente para valor real."
curva,punto,323,56.5,,,,,,,,"Punto de la curva en píxel (323, 56.5); sin calibración suficiente para valor real."
curva,punto,324,56.0,,,,,,,,"Punto de la curva en píxel (324, 56.0); sin calibración suficiente para valor real."
curva,punto,325,55.5,,,,,,,,"Punto de la curva en píxel (325, 55.5); sin calibración suficiente para valor real."
curva,punto,326,55.0,,,,,,,,"Punto de la curva en píxel (326, 55.0); sin calibración suficiente para valor real."
curva,punto,327,54.5,,,,,,,,"Punto de la curva en píxel (327, 54.5); sin calibración suficiente para valor real."
curva,punto,328,54.0,,,,,,,,"Punto de la curva en píxel (328, 54.0); sin calibración suficiente para valor real."
curva,punto,329,54.0,,,,,,,,"Punto de la curva en píxel (329, 54.0); sin calibración suficiente para valor real."
curva,punto,330,53.0,,,,,,,,"Punto de la curva en píxel (330, 53.0); sin calibración suficiente para valor real."
curva,punto,331,53.0,,,,,,,,"Punto de la curva en píxel (331, 53.0); sin calibración suficiente para valor real."
curva,punto,332,52.0,,,,,,,,"Punto de la curva en píxel (332, 52.0); sin calibración suficiente para valor real."
curva,punto,333,52.0,,,,,,,,"Punto de la curva en píxel (333, 52.0); sin calibración suficiente para valor real."
curva,punto,334,51.5,,,,,,,,"Punto de la curva en píxel (334, 51.5); sin calibración suficiente para valor real."
curva,punto,335,51.0,,,,,,,,"Punto de la curva en píxel (335, 51.0); sin calibración suficiente para valor real."
curva,punto,336,50.5,,,,,,,,"Punto de la curva en píxel (336, 50.5); sin calibración suficiente para valor real."
curva,punto,337,50.0,,,,,,,,"Punto de la curva en píxel (337, 50.0); sin calibración suficiente para valor real."
curva,punto,338,49.5,,,,,,,,"Punto de la curva en píxel (338, 49.5); sin calibración suficiente para valor real."
curva,punto,339,49.0,,,,,,,,"Punto de la curva en píxel (339, 49.0); sin calibración suficiente para valor real."
curva,punto,340,49.0,,,,,,,,"Punto de la curva en píxel (340, 49.0); sin calibración suficiente para valor real."
curva,punto,341,48.0,,,,,,,,"Punto de la curva en píxel (341, 48.0); sin calibración suficiente para valor real."
curva,punto,342,48.0,,,,,,,,"Punto de la curva en píxel (342, 48.0); sin calibración suficiente para valor real."
curva,punto,343,47.5,,,,,,,,"Punto de la curva en píxel (343, 47.5); sin calibración suficiente para valor real."
curva,punto,344,47.0,,,,,,,,"Punto de la curva en píxel (344, 47.0); sin calibración suficiente para valor real."
curva,punto,345,46.0,,,,,,,,"Punto de la curva en píxel (345, 46.0); sin calibración suficiente para valor real."
curva,punto,346,46.0,,,,,,,,"Punto de la curva en píxel (346, 46.0); sin calibración suficiente para valor real."
curva,punto,347,45.5,,,,,,,,"Punto de la curva en píxel (347, 45.5); sin calibración suficiente para valor real."
curva,punto,348,45.0,,,,,,,,"Punto de la curva en píxel (348, 45.0); sin calibración suficiente para valor real."
curva,punto,349,44.5,,,,,,,,"Punto de la curva en píxel (349, 44.5); sin calibración suficiente para valor real."
curva,punto,350,44.0,,,,,,,,"Punto de la curva en píxel (350, 44.0); sin calibración suficiente para valor real."
curva,punto,351,44.0,,,,,,,,"Punto de la curva en píxel (351, 44.0); sin calibración suficiente para valor real."
curva,punto,352,43.0,,,,,,,,"Punto de la curva en píxel (352, 43.0); sin calibración suficiente para valor real."
curva,punto,353,43.0,,,,,,,,"Punto de la curva en píxel (353, 43.0); sin calibración suficiente para valor real."
curva,punto,354,42.5,,,,,,,,"Punto de la curva en píxel (354, 42.5); sin calibración suficiente para valor real."
curva,punto,355,42.0,,,,,,,,"Punto de la curva en píxel (355, 42.0); sin calibración suficiente para valor real."
curva,punto,356,41.5,,,,,,,,"Punto de la curva en píxel (356, 41.5); sin calibración suficiente para valor real."
curva,punto,357,41.0,,,,,,,,"Punto de la curva en píxel (357, 41.0); sin calibración suficiente para valor real."
curva,punto,358,40.5,,,,,,,,"Punto de la curva en píxel (358, 40.5); sin calibración suficiente para valor real."
curva,punto,359,40.0,,,,,,,,"Punto de la curva en píxel (359, 40.0); sin calibración suficiente para valor real."
curva,punto,360,40.0,,,,,,,,"Punto de la curva en píxel (360, 40.0); sin calibración suficiente para valor real."
curva,punto,361,39.0,,,,,,,,"Punto de la curva en píxel (361, 39.0); sin calibración suficiente para valor real."
curva,punto,362,39.5,,,,,,,,"Punto de la curva en píxel (362, 39.5); sin calibración suficiente para valor real."
